{"spot_diameter_fullres": 130.0637145542045, "tissue_hires_scalef": 0.12207031, "fiducial_diameter_fullres": 210.10292351063802, "tissue_lowres_scalef": 0.036621094}